run,oversample,batch_size,epoch,learning_Rate,model_name,accuracy,precision,recall,f1,TP,FP,TN,FN
0,False,32,10,3.00E-05,roberta-base,0.90759754,0.72972973,0.6835443,0.70588235,54,20,388,25
0,False,16,3,3.00E-05,xlnet-base-cased,0.8973306,0.68831169,0.67088608,0.67948718,53,24,384,26
0,False,32,4,3.00E-05,bert-base-uncased,0.88090349,0.63291139,0.63291139,0.63291139,50,29,379,29
0,False,16,2,3.00E-05,distilbert-base-uncased,0.88911704,0.6984127,0.55696203,0.61971831,44,19,389,35
0,True,32,10,3.00E-05,roberta-base,0.88295688,0.62790698,0.6835443,0.65454545,54,32,376,25
0,True,32,2,3.00E-05,distilbert-base-uncased,0.89938398,0.6744186,0.73417722,0.7030303,58,28,380,21
0,True,16,5,3.00E-05,xlnet-base-cased,0.89322382,0.67532468,0.65822785,0.66666667,52,25,383,27
0,True,16,3,2.00E-05,bert-base-uncased,0.88295688,0.64102564,0.63291139,0.63694268,50,28,380,29
1,False,32,10,3.00E-05,roberta-base,0.88911704,0.63736264,0.73417722,0.68235294,58,33,375,21
1,False,16,3,2.00E-05,distilbert-base-uncased,0.88706366,0.64285714,0.6835443,0.66257669,54,30,378,25
1,False,32,5,2.00E-05,xlnet-base-cased,0.88501027,0.64935065,0.63291139,0.64102564,50,27,381,29
1,False,16,3,3.00E-05,bert-base-uncased,0.8788501,0.65151515,0.5443038,0.59310345,43,23,385,36
1,True,16,5,2.00E-05,roberta-base,0.89117043,0.65116279,0.70886076,0.67878788,56,30,378,23
1,True,32,2,2.00E-05,bert-base-uncased,0.88911704,0.62886598,0.7721519,0.69318182,61,36,372,18
1,True,16,2,2.00E-05,distilbert-base-uncased,0.88911704,0.64705882,0.69620253,0.67073171,55,30,378,24
1,True,32,3,1.00E-05,xlnet-base-cased,0.84394251,0.51181102,0.82278481,0.63106796,65,62,346,14
2,False,32,5,3.00E-05,roberta-base,0.89938398,0.6875,0.69620253,0.6918239,55,25,383,24
2,False,32,3,2.00E-05,xlnet-base-cased,0.89938398,0.72058824,0.62025316,0.66666667,49,19,389,30
2,False,32,3,5.00E-05,distilbert-base-uncased,0.90349076,0.76666667,0.58227848,0.6618705,46,14,394,33
2,False,32,3,2.00E-05,bert-base-uncased,0.89527721,0.71212121,0.59493671,0.64827586,47,19,389,32
2,True,16,10,3.00E-05,roberta-base,0.92402464,0.79166667,0.72151899,0.75496689,57,15,393,22
2,True,16,5,2.00E-05,xlnet-base-cased,0.89938398,0.69736842,0.67088608,0.68387097,53,23,385,26
2,True,32,3,3.00E-05,distilbert-base-uncased,0.89322382,0.68493151,0.63291139,0.65789474,50,23,385,29
2,True,32,4,3.00E-05,bert-base-uncased,0.88911704,0.68115942,0.59493671,0.63513514,47,22,386,32
3,False,16,10,1.00E-05,roberta-base,0.91170431,0.73076923,0.72151899,0.72611465,57,21,387,22
3,False,16,3,5.00E-05,bert-base-uncased,0.90143737,0.6741573,0.75949367,0.71428571,60,29,379,19
3,False,32,4,5.00E-05,distilbert-base-uncased,0.90349076,0.72857143,0.64556962,0.68456376,51,19,389,28
3,False,32,3,2.00E-05,xlnet-base-cased,0.89527721,0.67948718,0.67088608,0.67515924,53,25,383,26
3,True,16,10,3.00E-05,roberta-base,0.9137577,0.72289157,0.75949367,0.74074074,60,23,385,19
3,True,32,4,5.00E-05,bert-base-uncased,0.89938398,0.70833333,0.64556962,0.67549669,51,21,387,28
3,True,32,4,3.00E-05,distilbert-base-uncased,0.89117043,0.67567568,0.63291139,0.65359477,50,24,384,29
3,True,32,3,3.00E-05,xlnet-base-cased,0.87268994,0.58947368,0.70886076,0.64367816,56,39,369,23
4,False,16,10,2.00E-05,roberta-base,0.8973306,0.68831169,0.67088608,0.67948718,53,24,384,26
4,False,32,3,5.00E-05,bert-base-uncased,0.89938398,0.78846154,0.51898734,0.6259542,41,11,397,38
4,False,32,5,1.00E-05,xlnet-base-cased,0.88501027,0.66666667,0.58227848,0.62162162,46,23,385,33
4,False,16,3,3.00E-05,distilbert-base-uncased,0.87268994,0.62686567,0.53164557,0.57534247,42,25,383,37
4,True,16,5,3.00E-05,roberta-base,0.89117043,0.6969697,0.58227848,0.63448276,46,20,388,33
4,True,16,5,1.00E-05,xlnet-base-cased,0.88706366,0.64634146,0.67088608,0.65838509,53,29,379,26
4,True,32,4,5.00E-05,bert-base-uncased,0.89322382,0.71428571,0.56962025,0.63380282,45,18,390,34
4,True,32,4,2.00E-05,distilbert-base-uncased,0.88501027,0.70909091,0.49367089,0.58208955,39,16,392,40
5,False,16,10,2.00E-05,roberta-base,0.8973306,0.66666667,0.73417722,0.69879518,58,29,379,21
5,False,16,3,5.00E-05,distilbert-base-uncased,0.89117043,0.64444444,0.73417722,0.68639053,58,32,376,21
5,False,16,4,5.00E-05,bert-base-uncased,0.89117043,0.65116279,0.70886076,0.67878788,56,30,378,23
5,False,16,5,2.00E-05,xlnet-base-cased,0.8788501,0.60869565,0.70886076,0.65497076,56,36,372,23
5,True,16,5,1.00E-05,roberta-base,0.89938398,0.65957447,0.78481013,0.71676301,62,32,376,17
5,True,32,2,3.00E-05,bert-base-uncased,0.8788501,0.60869565,0.70886076,0.65497076,56,36,372,23
5,True,16,3,2.00E-05,distilbert-base-uncased,0.88090349,0.62352941,0.67088608,0.64634146,53,32,376,26
5,True,16,3,3.00E-05,xlnet-base-cased,0.87063655,0.58695652,0.6835443,0.63157895,54,38,370,25
6,False,16,5,3.00E-05,xlnet-base-cased,0.8973306,0.66666667,0.73417722,0.69879518,58,29,379,21
6,False,16,10,1.00E-05,roberta-base,0.89527721,0.66666667,0.70886076,0.68711656,56,28,380,23
6,False,16,4,3.00E-05,distilbert-base-uncased,0.90143737,0.72463768,0.63291139,0.67567568,50,19,389,29
6,False,16,4,3.00E-05,bert-base-uncased,0.89938398,0.734375,0.59493671,0.65734266,47,17,391,32
6,True,32,10,1.00E-05,roberta-base,0.90349076,0.68604651,0.74683544,0.71515152,59,27,381,20
6,True,16,4,2.00E-05,bert-base-uncased,0.89527721,0.7,0.62025316,0.65771812,49,21,387,30
6,True,32,5,3.00E-05,xlnet-base-cased,0.88706366,0.65384615,0.64556962,0.64968153,51,27,381,28
6,True,32,3,3.00E-05,distilbert-base-uncased,0.88706366,0.68181818,0.56962025,0.62068966,45,21,387,34
7,False,32,3,2.00E-05,distilbert-base-uncased,0.89711934,0.66666667,0.71794872,0.69135802,56,28,380,22
7,False,16,3,3.00E-05,bert-base-uncased,0.89506173,0.65882353,0.71794872,0.68711656,56,29,379,22
7,False,32,5,2.00E-05,roberta-base,0.87654321,0.58490566,0.79487179,0.67391304,62,44,364,16
7,False,16,5,3.00E-05,xlnet-base-cased,0.87242798,0.58163265,0.73076923,0.64772727,57,41,367,21
7,True,16,3,2.00E-05,xlnet-base-cased,0.89300412,0.63541667,0.78205128,0.70114943,61,35,373,17
7,True,16,5,2.00E-05,roberta-base,0.88683128,0.6185567,0.76923077,0.68571429,60,37,371,18
7,True,32,2,5.00E-05,bert-base-uncased,0.8909465,0.66666667,0.64102564,0.65359477,50,25,383,28
7,True,32,3,3.00E-05,distilbert-base-uncased,0.87654321,0.60465116,0.66666667,0.63414634,52,34,374,26
8,False,32,4,5.00E-05,bert-base-uncased,0.92592593,0.78378378,0.74358974,0.76315789,58,16,392,20
8,False,16,10,3.00E-05,roberta-base,0.91152263,0.73972603,0.69230769,0.71523179,54,19,389,24
8,False,16,3,2.00E-05,distilbert-base-uncased,0.89711934,0.65555556,0.75641026,0.70238095,59,31,377,19
8,False,16,5,3.00E-05,xlnet-base-cased,0.89506173,0.68,0.65384615,0.66666667,51,24,384,27
8,True,16,2,5.00E-05,bert-base-uncased,0.9218107,0.75,0.76923077,0.75949367,60,20,388,18
8,True,16,3,5.00E-05,distilbert-base-uncased,0.91358025,0.77272727,0.65384615,0.70833333,51,15,393,27
8,True,16,3,1.00E-05,xlnet-base-cased,0.87860082,0.5840708,0.84615385,0.69109948,66,47,361,12
8,True,16,10,1.00E-05,roberta-base,0.89711934,0.66666667,0.71794872,0.69135802,56,28,380,22
9,False,16,4,2.00E-05,bert-base-uncased,0.8909465,0.6625,0.67088608,0.66666667,53,27,380,26
9,False,32,5,1.00E-05,xlnet-base-cased,0.87860082,0.61111111,0.69620253,0.65088757,55,35,372,24
9,False,16,5,2.00E-05,roberta-base,0.88683128,0.66666667,0.60759494,0.63576159,48,24,383,31
9,False,16,2,2.00E-05,distilbert-base-uncased,0.88888889,0.69230769,0.56962025,0.625,45,20,387,34
9,True,32,3,3.00E-05,xlnet-base-cased,0.88888889,0.66233766,0.64556962,0.65384615,51,26,381,28
9,True,16,2,5.00E-05,distilbert-base-uncased,0.89300412,0.69014085,0.62025316,0.65333333,49,22,385,30
9,True,32,5,2.00E-05,roberta-base,0.88477366,0.64556962,0.64556962,0.64556962,51,28,379,28
9,True,32,2,5.00E-05,bert-base-uncased,0.88477366,0.65753425,0.60759494,0.63157895,48,25,382,31